{
	"content": {
		"backgroundColor": [
			0.12156862745098,
			0.14117647058824,
			0.16862745098039,
			1
		],
		"barSize": 14
	},
	"checkBox": {
		"size": 16,
		"upColor": [
			1,
			1,
			1,
			1
		],
		"disableColor": [
			0.32941176470588,
			0.42352941176471,
			0.46666666666667,
			1
		],
		"hoverColor": [
			0,
			0.58823529411765,
			0.87843137254902,
			1
		],
		"downColor": [
			0,
			0.58823529411765,
			0.87843137254902,
			1
		]
	},
	"editText": {
		"backgroundColor": [
			1,
			1,
			1,
			1
		],
		"unfocusStrokeColor": [
			0.16078431372549,
			0.19607843137255,
			0.23137254901961,
			1
		],
		"focusStrokeColor": [
			0.22352941176471,
			0.4078431372549,
			0.5843137254902,
			1
		],
		"stroke": 1,
		"cursorColor": [
			0.32156862745098,
			0.54509803921569,
			1,
			1
		]
	},
	"scrollBar": {
		"backgroundColor": [
			0.1843137254902,
			0.23137254901961,
			0.27058823529412,
			1
		],
		"upColor": [
			0.32941176470588,
			0.42352941176471,
			0.46666666666667,
			1
		],
		"hoverColor": [
			0.43921568627451,
			0.61960784313725,
			0.72156862745098,
			1
		],
		"downColor": [
			0.32941176470588,
			0.42352941176471,
			0.46666666666667,
			1
		]
	},
	"button": {
		"width": 80,
		"iconAndTextSpace": 8,
		"upColor": [
			0.22352941176471,
			0.27058823529412,
			0.32156862745098,
			1
		],
		"disableColor": [
			0.18823529411765,
			0.22352941176471,
			0.25882352941176,
			1
		],
		"font": "font\/visat.ttf",
		"downColor": [
			0.11764705882353,
			0.13725490196078,
			0.16078431372549,
			1
		],
		"iconDir": "left",
		"strokeColor": [
			0.098039215686275,
			0.11764705882353,
			0.13725490196078,
			1
		],
		"hoverColor": [
			0.27843137254902,
			0.34117647058824,
			0.40392156862745,
			1
		],
		"fontSize": 16,
		"stroke": 1,
		"height": 36,
		"fontColor": [
			1,
			1,
			1,
			1
		]
	},
	"container": {
		"transparency": 1,
		"backgroundColor": [
			0.12156862745098,
			0.14117647058824,
			0.16862745098039,
			1
		]
	},
	"progressBar": {
		"backgroundColor": [
			0.1843137254902,
			0.23137254901961,
			0.27058823529412,
			1
		],
		"color": [
			0.22352941176471,
			0.4078431372549,
			0.5843137254902,
			1
		]
	}
}